,202402
600193.SH,-0.15726053915958305
600421.SH,-0.17173974284785865
600778.SH,-0.17375192338501996
600969.SH,-0.17482726770498117
002054.SZ,-0.17891097583805918
000504.SZ,-0.18026804825370119
603669.SH,-0.18488524530575068
600865.SH,-0.18554902689066222
002633.SZ,-0.18910580647510705
600382.SH,-0.19002074290805582
600539.SH,-0.19118343606177063
600857.SH,-0.19156925364895155
601002.SH,-0.19266899393576342
600051.SH,-0.1940267813426352
002391.SZ,-0.19507284979988435
002634.SZ,-0.19525997292379405
603020.SH,-0.19578885323810308
002734.SZ,-0.1979422075773759
002672.SZ,-0.199232397280895
600847.SH,-0.19949336349449365
000833.SZ,-0.19974803851236672
600965.SH,-0.20353117061631418
603311.SH,-0.20367636548952125
002082.SZ,-0.2066118789875955
600644.SH,-0.20679035678302277
002227.SZ,-0.20722726714910084
600624.SH,-0.21068709288215381
002360.SZ,-0.21267504112251828
603017.SH,-0.21309760252841964
000668.SZ,-0.21393250753255486
000809.SZ,-0.21429602785063703
600768.SH,-0.21505467092962166
002365.SZ,-0.21623306054461333
000576.SZ,-0.21704227478927016
002016.SZ,-0.2179667309333467
002404.SZ,-0.2189571084144626
002562.SZ,-0.2194217548836906
000695.SZ,-0.2210897133345998
603818.SH,-0.22179092668914913
002109.SZ,-0.22195839939197648
600617.SH,-0.2220832535182748
002769.SZ,-0.22209049459896718
600774.SH,-0.22440899127672953
600793.SH,-0.22481454171681542
601368.SH,-0.2248306008359319
002760.SZ,-0.2251886861101226
600784.SH,-0.22643209581471888
002286.SZ,-0.22655402359786053
002105.SZ,-0.22666151701939818
600370.SH,-0.22874103619469374
002346.SZ,-0.22920987659292164
002524.SZ,-0.22949743543882034
600796.SH,-0.23070168812986797
600917.SH,-0.23087100883406497
600084.SH,-0.2308727409317456
600802.SH,-0.2321794427941589
002072.SZ,-0.23354111449410087
600356.SH,-0.23393986704534486
603968.SH,-0.23419909181213888
002144.SZ,-0.2344783762551821
002688.SZ,-0.23472235999365854
000626.SZ,-0.23509109456798408
002350.SZ,-0.23536705967833146
000952.SZ,-0.23623908158132637
600681.SH,-0.23731907028904076
600620.SH,-0.23776165483353567
600834.SH,-0.2391884231967409
002678.SZ,-0.23976239853416173
000055.SZ,-0.2398897584030503
603188.SH,-0.2399539226670011
600722.SH,-0.24257763248375125
002661.SZ,-0.2429182551523258
000605.SZ,-0.24368979490842774
002187.SZ,-0.2439422282168587
600714.SH,-0.24396331419870526
600241.SH,-0.2452590175396812
002695.SZ,-0.24615396409744725
002246.SZ,-0.24655924120031586
002644.SZ,-0.2466849210668729
002084.SZ,-0.24675669448585802
000911.SZ,-0.24740146203993607
002107.SZ,-0.24755117609527713
002772.SZ,-0.24791296747641134
002134.SZ,-0.24820215813212732
600319.SH,-0.2482637708638904
002441.SZ,-0.24873237269950765
000929.SZ,-0.24873756315805942
002636.SZ,-0.25024294077837766
002637.SZ,-0.25096386447462615
603988.SH,-0.2519763365771756
600855.SH,-0.25417845746603285
601579.SH,-0.2546533658049792
002169.SZ,-0.2547120795447894
000788.SZ,-0.2547549866855678
002686.SZ,-0.2564035010683283
002264.SZ,-0.2570428714523578
000782.SZ,-0.2574681403422124
002188.SZ,-0.25751978430370814
000953.SZ,-0.2576385337567496
002427.SZ,-0.25772749547740714
002616.SZ,-0.25822846387451365
600883.SH,-0.25823604955956925
600381.SH,-0.25848535205742257
000590.SZ,-0.259406243787423
600731.SH,-0.2596036772048956
603808.SH,-0.259823726688449
002679.SZ,-0.2604064301235513
600173.SH,-0.2609258743065158
600628.SH,-0.2609471726367184
600833.SH,-0.26167005263382087
603022.SH,-0.2622797320483561
002066.SZ,-0.26247461812702416
600184.SH,-0.2627019003805055
600505.SH,-0.2631892287504782
000601.SZ,-0.2632234887783609
002718.SZ,-0.2635653277674121
002574.SZ,-0.2635741368617951
002573.SZ,-0.26368361459306616
000803.SZ,-0.2638538009662142
002696.SZ,-0.2639570912856909
002480.SZ,-0.2644978664936604
603222.SH,-0.26450588373326034
000995.SZ,-0.2647436645339675
600668.SH,-0.2648950781054776
002213.SZ,-0.2650426738841471
600281.SH,-0.26579431536825404
002775.SZ,-0.26591695161404916
002399.SZ,-0.2664201654601155
600149.SH,-0.26673932739019673
600817.SH,-0.2668176410451686
600841.SH,-0.26704292416969155
002282.SZ,-0.2670921077462497
600790.SH,-0.26717813057095696
600052.SH,-0.2672209307361232
002715.SZ,-0.2673699959364885
600650.SH,-0.2677960104051528
002198.SZ,-0.2679836475072202
000859.SZ,-0.2685963952374992
603898.SH,-0.26859947728693434
000531.SZ,-0.26887203671938004
000159.SZ,-0.26922326507320976
600429.SH,-0.26923357333452425
002492.SZ,-0.2695383752886398
000779.SZ,-0.2701732947800638
600590.SH,-0.2703040896025215
601003.SH,-0.27082960159320196
002111.SZ,-0.2708455206754351
600231.SH,-0.2710106016814756
002658.SZ,-0.2710168625604384
600800.SH,-0.27141948292375695
600749.SH,-0.2736392729554919
002743.SZ,-0.27401890495248316
002295.SZ,-0.2742297758703478
002267.SZ,-0.2748409232892254
002552.SZ,-0.27491505619129647
600232.SH,-0.27541707826268647
000411.SZ,-0.27666986214000444
000702.SZ,-0.2768964337438012
002538.SZ,-0.27721589411860215
603618.SH,-0.2775601613588568
002376.SZ,-0.27756353171628706
600163.SH,-0.2776568257978385
000553.SZ,-0.27787604916970304
002278.SZ,-0.2779545044062338
600488.SH,-0.2780567070821863
600371.SH,-0.2794749213946172
600854.SH,-0.28017086027039995
603869.SH,-0.28048085844031834
002620.SZ,-0.280631320670846
002759.SZ,-0.2812104232421633
002330.SZ,-0.281313141935134
000430.SZ,-0.28161916616692484
000931.SZ,-0.2823683880685482
002566.SZ,-0.2833204419635923
000042.SZ,-0.2833533167186
600101.SH,-0.28390716723358556
600283.SH,-0.28427725864726205
002724.SZ,-0.2844947347201107
002730.SZ,-0.28452785709863054
002062.SZ,-0.2848799674674
600753.SH,-0.2851169129157154
002522.SZ,-0.28520589418083087
600455.SH,-0.2853595854937602
002462.SZ,-0.2854453921250535
600538.SH,-0.2859266251515661
002650.SZ,-0.28654743602849225
601616.SH,-0.2866586989479398
600616.SH,-0.2870915579678452
002297.SZ,-0.2871516975535279
002581.SZ,-0.28784150695134414
002412.SZ,-0.28792023541796175
000881.SZ,-0.28803724204315456
600463.SH,-0.2880640348843253
600576.SH,-0.288127852291495
600367.SH,-0.28896680687015786
600982.SH,-0.2892870734689533
600192.SH,-0.2896653000149421
002651.SZ,-0.28969006854510226
603010.SH,-0.28972653848369917
603609.SH,-0.2901313420899581
002534.SZ,-0.29014812538349477
600076.SH,-0.29081074445170957
600262.SH,-0.2909469143813061
000407.SZ,-0.29137359493618153
600851.SH,-0.2915264871890959
600696.SH,-0.29165570142178715
000510.SZ,-0.29190726903077563
600423.SH,-0.29195636569504935
600182.SH,-0.2923302580355788
002398.SZ,-0.2925218748406688
000633.SZ,-0.29333205166695653
002321.SZ,-0.2935002369905941
603085.SH,-0.2941760189945142
000639.SZ,-0.29457263487027097
002135.SZ,-0.29463566794127866
600235.SH,-0.2953435467143186
002753.SZ,-0.2956684699280195
600135.SH,-0.2961964665441487
002319.SZ,-0.2962656761821835
000534.SZ,-0.2963598472937043
002382.SZ,-0.29703245947236284
002440.SZ,-0.297631456513586
000789.SZ,-0.29837172530452466
600075.SH,-0.29842082738183867
002287.SZ,-0.29846234436298547
600333.SH,-0.2986549454301398
600866.SH,-0.2987197404550107
002190.SZ,-0.29916619451995263
002763.SZ,-0.2994435288891552
600230.SH,-0.29963488571668245
002386.SZ,-0.29967087492277544
000026.SZ,-0.2999000922199655
600676.SH,-0.300133316530245
002205.SZ,-0.3006265350088014
002361.SZ,-0.3008384431304278
600343.SH,-0.30099298523562595
002556.SZ,-0.3011995438822787
600227.SH,-0.30148921031171366
000819.SZ,-0.30160285173354423
000720.SZ,-0.3016197820846542
603223.SH,-0.3021388307760592
002098.SZ,-0.3023810383374665
000520.SZ,-0.30243687891991594
002037.SZ,-0.3025463884303393
600868.SH,-0.3030563868718816
000880.SZ,-0.3034724203878969
002722.SZ,-0.3035761884013437
600962.SH,-0.3036377973326997
000753.SZ,-0.3038378978927874
002059.SZ,-0.3041744038827188
600858.SH,-0.3042609026747555
603021.SH,-0.30506660342130554
002040.SZ,-0.3052567505180825
002551.SZ,-0.3054605395291924
601339.SH,-0.3056050552428161
603718.SH,-0.3056188995176273
600419.SH,-0.3059825651275544
000545.SZ,-0.3065966925585387
600137.SH,-0.3066180539732917
002114.SZ,-0.306998154512351
000566.SZ,-0.30706271785116396
603601.SH,-0.30741150439805814
600889.SH,-0.3074594880706712
603989.SH,-0.30764483135615844
002626.SZ,-0.3076853601497138
002598.SZ,-0.30790835584612053
603566.SH,-0.3079567928147774
600261.SH,-0.3083595673094853
600526.SH,-0.30919519328093487
002741.SZ,-0.3093636315468722
000949.SZ,-0.30949259075162017
002378.SZ,-0.3095135507488269
002394.SZ,-0.31010703698297265
600292.SH,-0.3103101866453069
002455.SZ,-0.3106835911847565
000910.SZ,-0.31086462710307794
002193.SZ,-0.3109716042753712
002646.SZ,-0.3113033454440405
002089.SZ,-0.31160334200015116
600746.SH,-0.31187743285287045
600234.SH,-0.31196882347040983
002627.SZ,-0.3124092056104336
600359.SH,-0.3125360115649506
002207.SZ,-0.3126481454885494
600697.SH,-0.3127771437216028
601218.SH,-0.3129498017985029
002631.SZ,-0.3129578989127216
600573.SH,-0.3131599453304789
000501.SZ,-0.31367977742357467
000062.SZ,-0.3136849421325787
600058.SH,-0.31398795077397534
002732.SZ,-0.3140977628317837
000900.SZ,-0.3143096351279529
600391.SH,-0.3164464345065215
002541.SZ,-0.3164542810691571
002225.SZ,-0.3167538590271426
600527.SH,-0.3167547412984224
000551.SZ,-0.31684277259759946
600758.SH,-0.3169000078609018
002666.SZ,-0.31742182922350526
002571.SZ,-0.3179618333420856
601069.SH,-0.31820877935669734
600756.SH,-0.3182605233182592
002344.SZ,-0.3184439752586917
002095.SZ,-0.3185720693917151
002170.SZ,-0.3186158119485464
600810.SH,-0.3186837179595371
000505.SZ,-0.31869480478487694
601199.SH,-0.3190910927688427
002265.SZ,-0.3193692586229093
002136.SZ,-0.31974287440281335
000663.SZ,-0.31975012842317263
000905.SZ,-0.3199889794490177
000652.SZ,-0.3200281469308835
000920.SZ,-0.32026707171781266
002029.SZ,-0.32048267939641206
600682.SH,-0.32066909886257855
002069.SZ,-0.3208550411510681
600662.SH,-0.32198311404118474
603567.SH,-0.32215405584650714
002388.SZ,-0.32225061661028337
600279.SH,-0.32242477521130786
600693.SH,-0.32262225140913037
002623.SZ,-0.32284942745616785
000823.SZ,-0.32324567113345654
002529.SZ,-0.3234069618437995
000040.SZ,-0.3235851278042666
600990.SH,-0.32360896063392064
600694.SH,-0.3237475979421355
000985.SZ,-0.3239183739070742
000869.SZ,-0.32423709143254426
002758.SZ,-0.3242474456398392
601177.SH,-0.3243917185541186
600727.SH,-0.324549152579783
002231.SZ,-0.3247490523963043
000688.SZ,-0.32479794169989856
002025.SZ,-0.3249546226751814
002435.SZ,-0.32505341353402434
002307.SZ,-0.3253834496745959
000726.SZ,-0.3258923035635797
601008.SH,-0.32618483568693807
603166.SH,-0.326606922998395
600713.SH,-0.3267984401021032
002469.SZ,-0.3274449775811357
000731.SZ,-0.327947917853382
600533.SH,-0.3283090000985059
600550.SH,-0.3284547385009385
600992.SH,-0.3285391508249477
600618.SH,-0.32886142452943284
601007.SH,-0.3301365152314872
603698.SH,-0.33014335342063195
002723.SZ,-0.3304072070779802
600665.SH,-0.3306987062604255
002140.SZ,-0.3307828759253324
002328.SZ,-0.33080872355703583
600897.SH,-0.33098456389794173
603678.SH,-0.3311355157592717
000049.SZ,-0.3312382313361246
600976.SH,-0.33140056272985885
002454.SZ,-0.33176408071626534
002006.SZ,-0.3320162910319765
000906.SZ,-0.33242172763427535
002554.SZ,-0.3327488535012424
002748.SZ,-0.3329189443478117
002102.SZ,-0.3334592065720932
603309.SH,-0.333521671134445
600305.SH,-0.3335776549905761
600180.SH,-0.33398631902092085
600379.SH,-0.3340623038723741
002667.SZ,-0.3340667030683113
600770.SH,-0.33435975219893643
600436.SH,-0.334415487036413
603116.SH,-0.3345041901267851
002674.SZ,-0.3346500929440698
002628.SZ,-0.3349678259032669
600278.SH,-0.3357213101978536
000419.SZ,-0.3357272797387171
002159.SZ,-0.3360948289181778
600202.SH,-0.33660084446072014
000561.SZ,-0.3371555434294615
000153.SZ,-0.33721433596591405
600874.SH,-0.3372984693717185
002364.SZ,-0.33739508579093347
002216.SZ,-0.33764847435646017
600561.SH,-0.33811556084844513
000751.SZ,-0.338524143447885
002479.SZ,-0.33871455388469507
600107.SH,-0.3388452042024756
603012.SH,-0.3391137173264916
002374.SZ,-0.3392345347948275
002348.SZ,-0.33964018509168037
600876.SH,-0.3399580940941856
600726.SH,-0.34000445847257565
002549.SZ,-0.34012471589760895
600168.SH,-0.3402458441215344
600881.SH,-0.340252087356971
603026.SH,-0.3403324907979415
002242.SZ,-0.3406825228048974
002560.SZ,-0.34071511607603155
000790.SZ,-0.3411816430257205
002234.SZ,-0.34187628225097344
000619.SZ,-0.34199926922357776
002228.SZ,-0.3420460841941196
002034.SZ,-0.34211763021784003
600594.SH,-0.34224000443323443
000524.SZ,-0.3424142989647984
000919.SZ,-0.3424491278737503
002380.SZ,-0.3428364906519041
002301.SZ,-0.3428565683119338
600814.SH,-0.343197229340455
000968.SZ,-0.34322691511245446
002293.SZ,-0.34332772066800843
002677.SZ,-0.34374848056556256
600433.SH,-0.34434264752847354
002022.SZ,-0.34434383978555294
000622.SZ,-0.3445179956395073
600315.SH,-0.3445608591505447
600301.SH,-0.34460529767106735
002392.SZ,-0.3453681429746138
002243.SZ,-0.3454518883393921
000655.SZ,-0.3454972396024935
000707.SZ,-0.3458941895338154
600843.SH,-0.3464300296524767
002570.SZ,-0.346605256388578
600213.SH,-0.3467831305325748
600099.SH,-0.34729851847726734
000567.SZ,-0.3475114568732912
000573.SZ,-0.34813769862756583
000529.SZ,-0.3482154412054334
000036.SZ,-0.34933455901465077
600658.SH,-0.34937261411190157
600389.SH,-0.3495270422326916
600055.SH,-0.3496014243415907
002453.SZ,-0.3501750292007426
002191.SZ,-0.3503072171958186
002486.SZ,-0.35080825755040085
000856.SZ,-0.35085789244130966
600405.SH,-0.35128599181889
600501.SH,-0.3516894921538804
002125.SZ,-0.35218156932970884
002275.SZ,-0.35232242992049684
002090.SZ,-0.35240615251228097
002489.SZ,-0.35241107973639635
603227.SH,-0.35249594068474166
002490.SZ,-0.35280860740555003
600458.SH,-0.35290841172298615
600980.SH,-0.35303628951725874
603018.SH,-0.35325716245520344
600882.SH,-0.35356219621969753
600470.SH,-0.35358840848083095
600486.SH,-0.35361256000380004
601566.SH,-0.3536935246407924
600861.SH,-0.3541041528573349
600080.SH,-0.3544437650171197
000011.SZ,-0.3548932537068046
002342.SZ,-0.35504153967698143
000565.SZ,-0.3553852842098441
600113.SH,-0.3560916142398589
002420.SZ,-0.3561891841987307
600212.SH,-0.35639568574027053
000557.SZ,-0.35679257757861393
601886.SH,-0.3569795780418742
600562.SH,-0.3574261781277853
600081.SH,-0.3581878378878959
000691.SZ,-0.3582965412421113
002655.SZ,-0.35864955789119174
603616.SH,-0.35880960098997794
002012.SZ,-0.3589023231008697
000672.SZ,-0.35924472495044935
002160.SZ,-0.35931478205718476
002075.SZ,-0.35943613661788554
603703.SH,-0.359491639220087
002272.SZ,-0.35967632612911327
002622.SZ,-0.3597347738212297
001914.SZ,-0.3598426828575856
000862.SZ,-0.3605066802911616
600097.SH,-0.3605821969263475
600763.SH,-0.36117394830788746
000488.SZ,-0.36118029473670893
600336.SH,-0.36153464168391003
002101.SZ,-0.36192073481407555
000607.SZ,-0.3619247086320844
000019.SZ,-0.3619280800045878
002163.SZ,-0.3623856908537694
002088.SZ,-0.36287720853129135
002258.SZ,-0.3629224723772241
600512.SH,-0.36294623701171935
000722.SZ,-0.36304515261047643
000603.SZ,-0.36311083157301094
600220.SH,-0.36390182399095106
603008.SH,-0.36431238426027424
603308.SH,-0.36448203094935316
002731.SZ,-0.3648572315547992
002729.SZ,-0.36504813883996695
600197.SH,-0.3652003017759777
002582.SZ,-0.36649741659875
600736.SH,-0.3671745913016711
603998.SH,-0.3672086497920215
600308.SH,-0.3672285638094022
002393.SZ,-0.3672740701526832
002208.SZ,-0.36729018811098735
002117.SZ,-0.36729734105275413
002606.SZ,-0.36733247258623525
000507.SZ,-0.36737357817584104
600780.SH,-0.3674895904012662
600403.SH,-0.3676387286153379
000593.SZ,-0.3679651657762297
002733.SZ,-0.3693127367983993
600626.SH,-0.36935694008565345
600082.SH,-0.3694025670486154
603366.SH,-0.36959118486847525
002017.SZ,-0.3700032837076175
600073.SH,-0.37034089956314814
600983.SH,-0.3706811916276348
002752.SZ,-0.37084722234739653
600829.SH,-0.3709065476782408
002431.SZ,-0.370910031546057
000659.SZ,-0.3714290038854886
600984.SH,-0.3715192857297753
000913.SZ,-0.3715747775152454
002167.SZ,-0.3716114846247594
002449.SZ,-0.37199802797898535
600456.SH,-0.37261493085601377
600581.SH,-0.37286849428615604
002367.SZ,-0.3729500611657551
000679.SZ,-0.3730004204285225
600337.SH,-0.37332419740072004
002296.SZ,-0.3733625942403191
603088.SH,-0.37352568399475145
601311.SH,-0.3735633778363753
002474.SZ,-0.37361046720926105
603100.SH,-0.37391078826801016
600815.SH,-0.3746962232628635
600973.SH,-0.37487564483169994
000509.SZ,-0.3750774677803286
600316.SH,-0.3751180701254854
600067.SH,-0.37530316654951945
002645.SZ,-0.3754110477923246
600323.SH,-0.375772057027892
600611.SH,-0.37588897152753936
002669.SZ,-0.3760021880500718
000798.SZ,-0.3760512984123379
601700.SH,-0.37607794740405726
600638.SH,-0.37615705263021265
002612.SZ,-0.37626343106833854
600251.SH,-0.3764664918325299
002511.SZ,-0.37689022833679636
002058.SZ,-0.37695618258436425
601010.SH,-0.3771818233432572
002358.SZ,-0.37775169765302186
600831.SH,-0.3777960067746315
600604.SH,-0.3781203446330811
002694.SZ,-0.37814364395298994
002168.SZ,-0.3782843376966835
000596.SZ,-0.378430942275698
600152.SH,-0.3787834590931811
600735.SH,-0.37912830974755346
600211.SH,-0.37915579657665066
000078.SZ,-0.3792616014015291
002746.SZ,-0.3792847689360609
002110.SZ,-0.3793874080640117
000922.SZ,-0.3798271855493088
603306.SH,-0.3802091139571099
603599.SH,-0.38022715916836564
603006.SH,-0.3809543223066225
002158.SZ,-0.3811282810255812
600191.SH,-0.3818059722146868
600479.SH,-0.38230674036842277
600783.SH,-0.38253108330673663
601116.SH,-0.38304529325176984
603025.SH,-0.38311130856100994
002067.SZ,-0.3834370851428659
002149.SZ,-0.383576903019705
002597.SZ,-0.3839786686910994
600773.SH,-0.3847595491838633
002544.SZ,-0.3847624327208927
600148.SH,-0.3854841367645551
002206.SZ,-0.3857388205584294
000901.SZ,-0.38601347534780095
600738.SH,-0.3860765070495036
002148.SZ,-0.38619764791729394
002370.SZ,-0.3862104914162256
000978.SZ,-0.3863140388843675
000713.SZ,-0.3873116870765835
002483.SZ,-0.3873743525557279
000912.SZ,-0.3874221252435783
002201.SZ,-0.38756017596684345
600167.SH,-0.3876404270614815
600525.SH,-0.3880197370994848
000045.SZ,-0.38835445204716107
603315.SH,-0.3883927400943944
603355.SH,-0.38872293810575786
002768.SZ,-0.3889465016715556
600083.SH,-0.38930717426835626
600054.SH,-0.38942203089403926
600510.SH,-0.38954612451969084
000401.SZ,-0.3895706182345739
600195.SH,-0.3895887873411377
002513.SZ,-0.3897888738768457
600217.SH,-0.3900401155883841
000016.SZ,-0.3900456236103746
000701.SZ,-0.3903045840528072
000608.SZ,-0.3904090060966452
002288.SZ,-0.39067394359119606
002589.SZ,-0.39087862395260176
002434.SZ,-0.3912418536100048
600259.SH,-0.391279538015949
000767.SZ,-0.3912999245917698
002683.SZ,-0.39139833601394336
002218.SZ,-0.3917609462460534
002375.SZ,-0.39202840538156836
600361.SH,-0.39231032322581133
002576.SZ,-0.39242834647832187
002083.SZ,-0.3924957537665498
002057.SZ,-0.39281224100265566
002452.SZ,-0.3932426043602695
603789.SH,-0.39393598197726565
600216.SH,-0.39428674127448615
002023.SZ,-0.39431293194697736
002735.SZ,-0.39433507780341626
600764.SH,-0.3945171966298615
002580.SZ,-0.39461288888715224
603611.SH,-0.39462039624240225
002094.SZ,-0.3947257539225546
002719.SZ,-0.3949825865164889
002643.SZ,-0.39546097024908033
600818.SH,-0.39631849135001007
002076.SZ,-0.3964363811780629
002304.SZ,-0.3972710772009984
000498.SZ,-0.39757886603367354
002496.SZ,-0.3979580160316394
600651.SH,-0.39894939845904703
000599.SZ,-0.3990335209411679
002461.SZ,-0.3991806535507382
002263.SZ,-0.3994655905134143
600963.SH,-0.399798543769851
603686.SH,-0.4001371054378845
002253.SZ,-0.4002394052922833
001696.SZ,-0.4003011667279243
000718.SZ,-0.4007048011917047
000632.SZ,-0.4009640608005895
600828.SH,-0.4010938628196493
600993.SH,-0.40122012766679377
000886.SZ,-0.40158307076527283
600791.SH,-0.4016222678143945
600807.SH,-0.40166938709157507
600691.SH,-0.40171149802628237
000930.SZ,-0.40194188512275525
002108.SZ,-0.4019731457558872
002199.SZ,-0.40222977393350023
600228.SH,-0.402393128725546
002692.SZ,-0.40257706244257335
002430.SZ,-0.4026940568081037
002298.SZ,-0.40287222647264714
600116.SH,-0.40288103402947895
600198.SH,-0.4031664487940514
002210.SZ,-0.4032325258109821
002379.SZ,-0.4035194414335773
002339.SZ,-0.4038273949051862
000088.SZ,-0.4044859929843681
002237.SZ,-0.4044973821549776
600812.SH,-0.40456521888874414
000761.SZ,-0.40490253942086446
600869.SH,-0.40500666625019965
000915.SZ,-0.4050844010697572
002716.SZ,-0.405204345953015
600190.SH,-0.4054007143822471
600827.SH,-0.4055402919810038
600459.SH,-0.4056091711693388
600132.SH,-0.4056858245977423
600779.SH,-0.406405875512002
002702.SZ,-0.40665124712231215
600587.SH,-0.4067258487502522
002491.SZ,-0.4067626202771938
603901.SH,-0.4068038337246068
000008.SZ,-0.4070999988901037
002247.SZ,-0.40721561744767215
002112.SZ,-0.4075857472214638
000799.SZ,-0.40779680829822224
600563.SH,-0.40815737041802996
002691.SZ,-0.40822191017003073
000965.SZ,-0.408250499303243
600798.SH,-0.40840743978881944
000537.SZ,-0.40853297853381104
002629.SZ,-0.40856798916279347
002438.SZ,-0.40863892964530424
002133.SZ,-0.4086439888238776
002396.SZ,-0.4090871937337764
603519.SH,-0.40915353081718325
600388.SH,-0.4099042364836427
000028.SZ,-0.4100665849689588
600128.SH,-0.41050451228099594
002546.SZ,-0.41066021244412965
600496.SH,-0.41093224798488703
002104.SZ,-0.41116589809056386
600596.SH,-0.4111867153635459
002026.SZ,-0.41129963894858584
600495.SH,-0.4114518586533004
000848.SZ,-0.4119101375155744
600739.SH,-0.41197583514273173
002705.SZ,-0.41230952410914146
002004.SZ,-0.41268585534549584
002638.SZ,-0.41276682570237483
000822.SZ,-0.41306642588182824
002303.SZ,-0.41375106385059257
000555.SZ,-0.4137719758653958
600491.SH,-0.41394927115324115
603889.SH,-0.4147046364746886
000031.SZ,-0.41495449552310865
000698.SZ,-0.41502088267482257
000738.SZ,-0.41502975742714454
600720.SH,-0.41519948934922934
603899.SH,-0.41534123366979214
600207.SH,-0.4153873715246074
600966.SH,-0.4158021716360808
600444.SH,-0.4158130912083935
600967.SH,-0.4158890769393703
000737.SZ,-0.41611033509735407
002690.SZ,-0.4161339116858054
002613.SZ,-0.4162662604204019
600826.SH,-0.41644344947217543
000989.SZ,-0.41669528769338887
603688.SH,-0.41687415307738673
002593.SZ,-0.4168846616391285
600643.SH,-0.4169682884718586
002165.SZ,-0.41778137280957034
002035.SZ,-0.41835893844742583
601515.SH,-0.41850925051154614
000735.SZ,-0.4188398896034203
002300.SZ,-0.41890191821161665
001896.SZ,-0.4192877554834666
000586.SZ,-0.4194444180835603
600329.SH,-0.41953317640508214
600846.SH,-0.41967351932466435
603328.SH,-0.4199290898077302
002755.SZ,-0.4199970305005047
000892.SZ,-0.42015861256813053
600477.SH,-0.42044608337220574
600267.SH,-0.42074674823544256
000661.SZ,-0.42103104280924614
000973.SZ,-0.4215769620991385
002397.SZ,-0.4216374053509874
002226.SZ,-0.42168357599355577
002254.SZ,-0.4217245463981352
002585.SZ,-0.4221468162855577
603368.SH,-0.42219631912936373
002081.SZ,-0.42264506541032004
002596.SZ,-0.4231817724059309
002539.SZ,-0.4232848679076033
002341.SZ,-0.42345980083714185
002565.SZ,-0.4238284423854896
002302.SZ,-0.4240383393899714
600059.SH,-0.4243538020552151
002041.SZ,-0.424682890086828
002053.SZ,-0.4247038371134036
600376.SH,-0.4249490089090028
600548.SH,-0.4251872131606763
600206.SH,-0.42520463221281185
002545.SZ,-0.42524612158778413
002182.SZ,-0.42528055144582594
600850.SH,-0.42528546798296796
600987.SH,-0.4253722946577925
000533.SZ,-0.42543461240502556
000795.SZ,-0.4254636376744068
002196.SZ,-0.42581046085003826
002419.SZ,-0.4258306117230419
600503.SH,-0.42621033597316293
600110.SH,-0.4264963726202151
600366.SH,-0.4267115010012208
002366.SZ,-0.42748185757703455
600467.SH,-0.42787982785829615
002290.SZ,-0.42810410709734353
002381.SZ,-0.42816335233065694
000048.SZ,-0.4289361942164111
002204.SZ,-0.42917235294161826
600523.SH,-0.4292288937107906
601388.SH,-0.42940506158919994
600478.SH,-0.42974107496041075
600769.SH,-0.4302462909589915
002557.SZ,-0.4302833069755982
000544.SZ,-0.4312647688329668
600187.SH,-0.4314265900384361
600613.SH,-0.4316148207880167
002132.SZ,-0.43185786725243447
600771.SH,-0.4320679542941416
600237.SH,-0.43214067270880785
000962.SZ,-0.43248794347654157
601518.SH,-0.4328537411624517
600400.SH,-0.4334254618287527
002186.SZ,-0.4336948842607805
000610.SZ,-0.43493547682867373
600653.SH,-0.43495575655817403
002184.SZ,-0.43520032060473446
600249.SH,-0.4352652824624605
600162.SH,-0.43578331076090343
600420.SH,-0.43628115065577777
000428.SZ,-0.4363149769604974
600063.SH,-0.43635905333364033
002468.SZ,-0.4368047541163462
600378.SH,-0.43731045127211915
002336.SZ,-0.43769681785612286
600127.SH,-0.4380461405296446
000791.SZ,-0.4387483598487952
600490.SH,-0.4388582396295092
002727.SZ,-0.4389074072040735
600226.SH,-0.43897767080588707
002141.SZ,-0.4391336527512643
600872.SH,-0.4399615542378787
002418.SZ,-0.4405800905837116
002055.SZ,-0.4405875151962302
600386.SH,-0.44058858855485056
600609.SH,-0.44070323621557095
603589.SH,-0.440950365266434
002389.SZ,-0.4410770225216549
600268.SH,-0.4413100907086448
000816.SZ,-0.4414922581059709
000665.SZ,-0.44149908536703775
002294.SZ,-0.44162741765880675
002203.SZ,-0.441928085666721
002285.SZ,-0.4420243310319526
002516.SZ,-0.4426508245314508
002345.SZ,-0.4429591515811341
601908.SH,-0.44337734871824
603828.SH,-0.4435798824623499
600327.SH,-0.44388644378051834
002048.SZ,-0.44443434961707023
002096.SZ,-0.44443947586157484
600165.SH,-0.4444953313185159
000597.SZ,-0.44471922854688845
000548.SZ,-0.44479016081212386
601011.SH,-0.44504634452639447
002314.SZ,-0.4450554484813457
000156.SZ,-0.44531047550301245
000523.SZ,-0.4455644941645359
002765.SZ,-0.4456178636578934
603636.SH,-0.4462305443608186
600300.SH,-0.4467210528103529
002443.SZ,-0.44695533599477805
600408.SH,-0.447288281515304
600038.SH,-0.4473436411141004
600569.SH,-0.4474669855646752
000993.SZ,-0.44748105984417347
002591.SZ,-0.44758137199196313
600151.SH,-0.4477184237359183
002542.SZ,-0.44783454007546525
000530.SZ,-0.4478913327760092
002060.SZ,-0.44793209687002655
600716.SH,-0.4479567595947618
002494.SZ,-0.4484255777127377
000826.SZ,-0.44842584376582867
600243.SH,-0.4488709845115566
002409.SZ,-0.44891777722606435
002224.SZ,-0.449181919366785
600299.SH,-0.44957351463358386
002501.SZ,-0.44974717194163966
603997.SH,-0.4503279636385003
603169.SH,-0.4503463990629861
002349.SZ,-0.4505976556861251
002356.SZ,-0.4506141554000539
002248.SZ,-0.4508757716258008
002706.SZ,-0.4512498960932576
600702.SH,-0.4517677838725017
000836.SZ,-0.45222524824732924
002451.SZ,-0.4522479598883813
002099.SZ,-0.4525844125889852
000948.SZ,-0.4527263758106035
600448.SH,-0.4532833881345074
600223.SH,-0.453420943200534
600218.SH,-0.4534319819794416
600811.SH,-0.4535583750124355
600730.SH,-0.45365767713619437
002577.SZ,-0.45372485134246604
000885.SZ,-0.45429450190096693
600363.SH,-0.4546331842081712
600358.SH,-0.4549792268380015
002014.SZ,-0.45500413433588033
000517.SZ,-0.4550977069501501
600635.SH,-0.45522911807422706
600037.SH,-0.45570262677736906
000636.SZ,-0.45586157107571523
002276.SZ,-0.45599840360711263
600255.SH,-0.4560190499822753
000061.SZ,-0.45688127058964245
600210.SH,-0.4569517173584183
002543.SZ,-0.4573877922017783
600648.SH,-0.4577804781606977
600511.SH,-0.4578323817330828
002357.SZ,-0.4580087636352588
000402.SZ,-0.4580270614046728
002166.SZ,-0.4583137222261663
000860.SZ,-0.45843913426347804
002390.SZ,-0.45853421886114376
002335.SZ,-0.458596479075811
600452.SH,-0.4586350722283481
002773.SZ,-0.4588702033557175
000029.SZ,-0.4589584024737786
002255.SZ,-0.4592204582488738
603568.SH,-0.4592379474395391
600179.SH,-0.45928144115565556
600085.SH,-0.4594126423984419
600295.SH,-0.4598134939136054
002151.SZ,-0.4598636820845707
000757.SZ,-0.45994290102410784
002091.SZ,-0.4599880309820962
002750.SZ,-0.46027846617583335
002676.SZ,-0.46033638690466483
000877.SZ,-0.46036635328609216
002209.SZ,-0.46096151861459617
002408.SZ,-0.46106274861180546
603588.SH,-0.46150232821466214
600321.SH,-0.46160933639655843
000410.SZ,-0.46205106783788663
002621.SZ,-0.4621102365448494
600007.SH,-0.4624294850406602
601139.SH,-0.4624911971126371
600439.SH,-0.46264130549370663
600821.SH,-0.4627782632933464
600469.SH,-0.46299976694829936
600397.SH,-0.4632656621525432
002537.SZ,-0.46329697282607757
600862.SH,-0.4633761129215293
002337.SZ,-0.46344989249690727
600169.SH,-0.46386484381104787
002308.SZ,-0.4638812114707962
002233.SZ,-0.4641980842231421
000935.SZ,-0.46433955384278036
600848.SH,-0.46500149001400426
603268.SH,-0.4650934991090674
000759.SZ,-0.46514019632902825
002119.SZ,-0.46516253310511335
600108.SH,-0.46609489711445085
600645.SH,-0.4664807422834668
600103.SH,-0.4666287444051232
000677.SZ,-0.4667008157333336
600600.SH,-0.46702919029489515
002488.SZ,-0.4670590346174074
000890.SZ,-0.4671174376574543
600509.SH,-0.4672802415307565
000967.SZ,-0.4677380340437422
600885.SH,-0.46774133412231034
000990.SZ,-0.4678422051582793
601996.SH,-0.4685030592180123
002332.SZ,-0.46980733682329784
601969.SH,-0.47002114734715567
002324.SZ,-0.4700486779571895
002568.SZ,-0.47007990720535064
603456.SH,-0.47016590664717267
000868.SZ,-0.4702049403907724
000926.SZ,-0.47052749089689394
000850.SZ,-0.4710357738951837
600540.SH,-0.47112562368498595
002713.SZ,-0.47127329452992595
600328.SH,-0.47146258770430644
002311.SZ,-0.4715011211233707
000059.SZ,-0.47169713289459764
601369.SH,-0.47219892580880307
600718.SH,-0.47256101637625036
002079.SZ,-0.47318252959828216
600332.SH,-0.47326287855375765
002219.SZ,-0.47332929480876507
002609.SZ,-0.4735852353808382
000733.SZ,-0.473648611985489
600892.SH,-0.4736529009604364
600513.SH,-0.47374310723388324
601968.SH,-0.47384117984178975
000716.SZ,-0.47391644305353947
600787.SH,-0.4740351489306328
002137.SZ,-0.4740571391756881
002767.SZ,-0.4742022137360898
002019.SZ,-0.47429122072513463
000635.SZ,-0.4744273786271087
000404.SZ,-0.47503820806160213
002660.SZ,-0.4750973038618123
002007.SZ,-0.475231616165434
000710.SZ,-0.47533696899134786
002659.SZ,-0.4753926585797321
002425.SZ,-0.4763611263604396
603558.SH,-0.4767053181085116
600684.SH,-0.4767647121728376
600493.SH,-0.47695796406283797
002614.SZ,-0.47732302360794093
002121.SZ,-0.4773932685577973
601678.SH,-0.4778561380079397
601965.SH,-0.47792343629051626
600641.SH,-0.4784827342706772
600623.SH,-0.4785273174881637
601231.SH,-0.47922757568737484
000902.SZ,-0.47944028215018875
600519.SH,-0.47969212962985597
002299.SZ,-0.48004697907318084
600057.SH,-0.48017864122027953
002663.SZ,-0.48083941624979926
600979.SH,-0.4808733138480876
000558.SZ,-0.4818828417403767
600238.SH,-0.48263390157181585
000861.SZ,-0.4827208579331264
601015.SH,-0.48286099567417873
600199.SH,-0.48295855566022794
000793.SZ,-0.48372868275979775
601789.SH,-0.4837318108660277
002653.SZ,-0.4839037022442706
002707.SZ,-0.4839108470117661
600729.SH,-0.4842083238981184
600597.SH,-0.4842506673054703
000969.SZ,-0.4844984752406292
002717.SZ,-0.48490227842351424
600215.SH,-0.48562403530537934
600500.SH,-0.4858302129488875
002329.SZ,-0.48586905303348166
000096.SZ,-0.4861355879984282
600835.SH,-0.4862396031855686
002507.SZ,-0.48641474093336634
600298.SH,-0.4867381278830455
000612.SZ,-0.48708255574255926
600171.SH,-0.48753456265980133
002578.SZ,-0.4875465785700199
600287.SH,-0.48772763146965975
000568.SZ,-0.4878273852477751
600845.SH,-0.48789969717392934
601222.SH,-0.4881202025338881
600558.SH,-0.48819287765569574
000812.SZ,-0.4883832627304964
002498.SZ,-0.4885089930321416
002563.SZ,-0.4887178076382365
600521.SH,-0.4887586493481581
002217.SZ,-0.4890719422929099
000560.SZ,-0.48999895674001925
600760.SH,-0.4901430199730429
000559.SZ,-0.4906181828217375
000970.SZ,-0.4907998371241561
600071.SH,-0.49081645357154957
601877.SH,-0.49084958253566546
002073.SZ,-0.4913114274019864
002495.SZ,-0.4916275484033476
600476.SH,-0.49171674985894
603883.SH,-0.491811829269392
002150.SZ,-0.49185668330529847
600754.SH,-0.492025710909189
000908.SZ,-0.49217965669902985
000785.SZ,-0.4921803421336139
600995.SH,-0.4922736634458346
600724.SH,-0.49228794222327554
603788.SH,-0.4925186601794083
000600.SZ,-0.49286193296242975
000657.SZ,-0.4931444607831989
600229.SH,-0.4932509502191768
002595.SZ,-0.4933204160803787
002338.SZ,-0.493814166796286
002189.SZ,-0.4938975645006209
002630.SZ,-0.49395156729823847
002726.SZ,-0.49410124003528666
600557.SH,-0.49422073356363744
603939.SH,-0.4942726247692138
600744.SH,-0.49441365363162637
002515.SZ,-0.49455598159622943
002280.SZ,-0.49510763386337603
600577.SH,-0.49514842847872925
000506.SZ,-0.4952200383997679
600121.SH,-0.4961121113729544
002030.SZ,-0.4961178903404874
002689.SZ,-0.49612466510936587
000025.SZ,-0.49618715407230946
601890.SH,-0.49620927330797693
002697.SZ,-0.4966455381477586
000818.SZ,-0.49670917119628716
601126.SH,-0.4968790666926525
600981.SH,-0.49688733598830787
002588.SZ,-0.49701870636826795
002046.SZ,-0.49765413818920373
002306.SZ,-0.49786659882195194
000966.SZ,-0.49793383143077513
002749.SZ,-0.4983322694712794
002687.SZ,-0.49839778688045533
600877.SH,-0.4990662467883982
600663.SH,-0.49953702865521454
002323.SZ,-0.4995606584824688
600853.SH,-0.49959978081342693
000888.SZ,-0.49966105465969296
601021.SH,-0.4996827281191991
002010.SZ,-0.4998370694802232
002439.SZ,-0.4998418196390627
000582.SZ,-0.5002630464440418
002725.SZ,-0.5004901156389753
600612.SH,-0.5005175727170362
002020.SZ,-0.5007935011969653
002698.SZ,-0.5008729109200994
002442.SZ,-0.5011977007614997
002377.SZ,-0.5019735428643897
002363.SZ,-0.5019819550201254
600271.SH,-0.5026418262413082
600567.SH,-0.502690055004359
600824.SH,-0.5027036968968233
000030.SZ,-0.502917761520832
000089.SZ,-0.5031205422641698
603699.SH,-0.503168522675422
603198.SH,-0.5032208323713362
002039.SZ,-0.5037796878658877
600586.SH,-0.5044619539344498
600725.SH,-0.5045243939448443
002484.SZ,-0.5047276736350148
603199.SH,-0.5050013949578461
601799.SH,-0.5053478370628453
002161.SZ,-0.5053569096559557
601588.SH,-0.505898620490426
002575.SZ,-0.5065625777234233
002548.SZ,-0.5065963596445191
000638.SZ,-0.506613711760579
002685.SZ,-0.5066907164405478
000420.SZ,-0.5068145097974939
600649.SH,-0.5069337190630367
600094.SH,-0.50700389551424
001872.SZ,-0.507211699253974
002093.SZ,-0.507358043084932
600836.SH,-0.5078319594549503
000875.SZ,-0.5080607474749496
600158.SH,-0.5085302114744212
600236.SH,-0.5085311082273496
002153.SZ,-0.5085801092784196
600805.SH,-0.5093420275382207
600222.SH,-0.5098641395314197
000514.SZ,-0.5101091027614503
002274.SZ,-0.51036555395141
600664.SH,-0.5110746926715349
601100.SH,-0.5114569974370217
603399.SH,-0.5115396349954248
601999.SH,-0.511689240144892
600615.SH,-0.511761616656142
002693.SZ,-0.5118416682816506
600888.SH,-0.5119930521830597
600156.SH,-0.5123273518636321
600340.SH,-0.5129116421835461
002171.SZ,-0.5129977732955219
600809.SH,-0.5134514418149959
600605.SH,-0.5134747254262583
002550.SZ,-0.5135980167862265
002372.SZ,-0.5137515819062299
600797.SH,-0.5139031777285801
600880.SH,-0.5139956255177466
002262.SZ,-0.5139996789384003
600020.SH,-0.514236517457679
002652.SZ,-0.5143346671190566
603606.SH,-0.514477619891291
000715.SZ,-0.514521997596087
002032.SZ,-0.5150271039044215
600273.SH,-0.5153955213691926
600517.SH,-0.515444154941669
600307.SH,-0.5155179740904459
000739.SZ,-0.5163988173260169
600657.SH,-0.5164024153551097
600258.SH,-0.5164036627512887
002003.SZ,-0.5165629666607994
600794.SH,-0.5167821006020037
002315.SZ,-0.5168566028400747
600556.SH,-0.516935323343191
601106.SH,-0.517226887505508
002371.SZ,-0.5187350077599253
002470.SZ,-0.5191844506875006
600819.SH,-0.5195336743146203
600201.SH,-0.5198043707977228
002245.SZ,-0.5199150230476004
600706.SH,-0.5205910120357455
002124.SZ,-0.520634902938874
603369.SH,-0.5206382452724945
601808.SH,-0.5208642691618534
002476.SZ,-0.5208736020037512
002326.SZ,-0.5213318036940421
600252.SH,-0.5215545223538695
600743.SH,-0.5215555495469569
002594.SZ,-0.5215712594424372
002063.SZ,-0.5215829901472716
002521.SZ,-0.5215861487930593
600507.SH,-0.5218392701372964
002639.SZ,-0.5220384591233428
002664.SZ,-0.5225639221795756
000893.SZ,-0.5225994107036223
600683.SH,-0.5230995317737086
600844.SH,-0.5235556612881482
600416.SH,-0.5236712861093444
000422.SZ,-0.5237088835077076
600894.SH,-0.524200524288084
600740.SH,-0.5243017914437791
600516.SH,-0.5246352133071195
002305.SZ,-0.5254054318788592
600719.SH,-0.5254455416113545
603600.SH,-0.5254955070616509
600277.SH,-0.5256429184805864
000685.SZ,-0.5258995501941887
000811.SZ,-0.5260046865380552
002668.SZ,-0.5261463177949907
002211.SZ,-0.5266267943196408
000999.SZ,-0.526695491555144
603002.SH,-0.5272119093782981
600859.SH,-0.5273288426426086
002180.SZ,-0.5274128734197142
002579.SZ,-0.5279494488026686
600460.SH,-0.5283937349958099
600578.SH,-0.5284634446735245
000012.SZ,-0.5284982201976548
600172.SH,-0.5287147526306124
002266.SZ,-0.528822409699316
002250.SZ,-0.5289029642238635
002123.SZ,-0.5290917300325595
600326.SH,-0.5290938190444711
002074.SZ,-0.5292029924710951
600009.SH,-0.5292065633287477
000682.SZ,-0.5297330083828098
002221.SZ,-0.5298873687494177
000708.SZ,-0.5299966858378491
601028.SH,-0.5302306362669824
002665.SZ,-0.5302544393299188
000627.SZ,-0.5308578794990502
002369.SZ,-0.5309575452038915
600545.SH,-0.5313720018260253
000777.SZ,-0.5313847461563465
000004.SZ,-0.5315427789479366
000571.SZ,-0.5315442115703588
002214.SZ,-0.5317749503466732
002632.SZ,-0.5319371616607926
600422.SH,-0.5321341061516108
002334.SZ,-0.5326170588856397
600715.SH,-0.5328752083719905
002662.SZ,-0.5330535180260226
600425.SH,-0.5336321300415245
603338.SH,-0.533830642486654
600353.SH,-0.5339076699402233
600375.SH,-0.5340120035359228
002347.SZ,-0.5340814108837891
600531.SH,-0.5341311969281296
600310.SH,-0.5342416011961844
002192.SZ,-0.5347156212245583
603015.SH,-0.5347812609934934
002421.SZ,-0.5352938784266252
002327.SZ,-0.5353036942814731
000538.SZ,-0.535379714455758
000955.SZ,-0.5354231665189083
603333.SH,-0.5354622186192687
600537.SH,-0.5360998745046426
603128.SH,-0.536129617322596
000552.SZ,-0.5362057342090593
600297.SH,-0.5363990893532499
603518.SH,-0.5365972588689117
000513.SZ,-0.5366209058377355
002164.SZ,-0.5368378330563539
002092.SZ,-0.5368666063034
002519.SZ,-0.5368951381424532
000882.SZ,-0.5372124977359377
600688.SH,-0.5375650880088191
000963.SZ,-0.537639444391954
600233.SH,-0.5376452974292356
002331.SZ,-0.5377719574262464
002212.SZ,-0.537909958990667
000721.SZ,-0.5388964657740538
002047.SZ,-0.5389497596673004
600302.SH,-0.5390276622265168
000950.SZ,-0.539213542580949
002283.SZ,-0.5394006064430865
002518.SZ,-0.5395797990545133
603167.SH,-0.5397439564357908
600196.SH,-0.5397688377190717
600698.SH,-0.5401884948209154
000756.SZ,-0.5405748788654827
600380.SH,-0.5408860580941509
002414.SZ,-0.5411806448175909
002402.SZ,-0.5412244884369048
000958.SZ,-0.5412245445442391
002403.SZ,-0.5417239101125378
600803.SH,-0.5417956330724167
601208.SH,-0.5418208084243181
002343.SZ,-0.5418883243816508
000417.SZ,-0.5423638889752332
603979.SH,-0.5425293876704609
002015.SZ,-0.5426613396512953
002175.SZ,-0.5427083712650573
600529.SH,-0.5427435016949373
002368.SZ,-0.5428639885321423
002249.SZ,-0.5433178673508241
000069.SZ,-0.5435140974051028
000838.SZ,-0.5435882668132426
002615.SZ,-0.5436075278258033
000981.SZ,-0.5436138136272306
002737.SZ,-0.543970335968642
002179.SZ,-0.5441275174872471
000959.SZ,-0.5442690626697874
600816.SH,-0.5443245061812512
600893.SH,-0.5443464171341238
600785.SH,-0.5446083522825497
002712.SZ,-0.5448894648314162
002599.SZ,-0.5454609480541771
600360.SH,-0.5454656374563202
601607.SH,-0.5455399631095166
600721.SH,-0.5455775510147617
600248.SH,-0.5456690652177113
002202.SZ,-0.5460340244195157
000899.SZ,-0.546531175836132
600606.SH,-0.5467828555609066
600330.SH,-0.5471632305477064
601933.SH,-0.5471886347095044
601113.SH,-0.5476040928034339
002413.SZ,-0.5483854595480077
600685.SH,-0.5487449883371442
000755.SZ,-0.5488489529406837
002181.SZ,-0.5489625270372875
002373.SZ,-0.5492998882756226
002318.SZ,-0.5496672582893976
600293.SH,-0.5498714566082761
600598.SH,-0.5501613790307385
002407.SZ,-0.5506247824502236
002487.SZ,-0.5506651307073738
002540.SZ,-0.5509212354607796
002649.SZ,-0.5513161977186335
000547.SZ,-0.5514103213152352
603288.SH,-0.5519400609404462
600354.SH,-0.5521275910029082
002284.SZ,-0.5521488285084184
002061.SZ,-0.552332709057912
002675.SZ,-0.5525459473365761
002445.SZ,-0.5526761920282279
601038.SH,-0.5530477557947147
002497.SZ,-0.5531086006102821
600130.SH,-0.5534288119941803
002448.SZ,-0.553560382387071
600998.SH,-0.5536619872215258
601777.SH,-0.5537489214997249
600549.SH,-0.5539806079095934
002481.SZ,-0.554730106242986
002183.SZ,-0.554735589731483
600884.SH,-0.5549137074382615
600125.SH,-0.5549911603801689
600410.SH,-0.5550848881457919
002045.SZ,-0.5558058691056866
002277.SZ,-0.5574396116397404
000065.SZ,-0.557632721715657
000595.SZ,-0.557673946285962
600288.SH,-0.5579321073404179
600717.SH,-0.5580089141156703
000768.SZ,-0.558042026885804
000006.SZ,-0.5582215592750301
002640.SZ,-0.5583911140273387
002268.SZ,-0.5587191625916931
600012.SH,-0.5589989832905868
002572.SZ,-0.5592351435813058
002478.SZ,-0.5594603928799557
000516.SZ,-0.5595130485463836
002458.SZ,-0.5596327628352142
002383.SZ,-0.5596913952809337
002531.SZ,-0.559915405742004
600426.SH,-0.5600019554045849
600064.SH,-0.5605839248098756
000035.SZ,-0.5610585899045472
002757.SZ,-0.561060705076754
000863.SZ,-0.5612948752997342
000705.SZ,-0.5620044547932467
000526.SZ,-0.5624650779956325
002139.SZ,-0.5625425798248165
600346.SH,-0.5626655531454653
002130.SZ,-0.5627238948621709
600120.SH,-0.5629739025551361
002322.SZ,-0.5632787409665845
002426.SZ,-0.5635635093904301
600143.SH,-0.5637057271283925
000957.SZ,-0.5637075672423859
002011.SZ,-0.5641686720663773
002671.SZ,-0.564801239990997
600593.SH,-0.5650283137455769
002505.SZ,-0.5651739750541557
002080.SZ,-0.565376317886848
002701.SZ,-0.5655740103539642
600017.SH,-0.5659194054688506
600409.SH,-0.5660084987954807
601929.SH,-0.566033149017256
600129.SH,-0.5666048311565544
603766.SH,-0.5668089800325424
000518.SZ,-0.5677454781447026
000539.SZ,-0.5685208807150796
002362.SZ,-0.5686513947813064
002106.SZ,-0.5689135165672372
000820.SZ,-0.5695727671566818
000056.SZ,-0.5699362453654795
002279.SZ,-0.5703648687592017
600483.SH,-0.5703953099142968
600750.SH,-0.5705279549258382
000623.SZ,-0.5706054414949047
000729.SZ,-0.5706597586312768
600528.SH,-0.5716095856526566
600801.SH,-0.5718550034435538
600748.SH,-0.571904639977642
600860.SH,-0.5729370641850715
600575.SH,-0.5731147895505811
002553.SZ,-0.5736092255399291
600368.SH,-0.5739695195119852
600098.SH,-0.5741197172615524
603126.SH,-0.5744602991829976
600131.SH,-0.5750347716915829
600997.SH,-0.5752380723687528
002127.SZ,-0.5759533416908303
002635.SZ,-0.5761147820148145
600320.SH,-0.5770100191559552
600712.SH,-0.577121645888901
000982.SZ,-0.5774630291007782
000852.SZ,-0.5779264813867633
002583.SZ,-0.5786596829397439
002162.SZ,-0.5789119464821649
002197.SZ,-0.57923778748517
601016.SH,-0.5793144072294536
600710.SH,-0.5799128363306296
002312.SZ,-0.5799634761162369
002508.SZ,-0.5800340051122377
002028.SZ,-0.5803723181823205
601718.SH,-0.5808159229697957
603023.SH,-0.5808603363552349
600711.SH,-0.5822496178673435
600035.SH,-0.5831131922808214
002172.SZ,-0.5833289397239088
600566.SH,-0.5833757233260237
000898.SZ,-0.5839458569287385
600776.SH,-0.5842399354113584
002405.SZ,-0.5846689613559686
600559.SH,-0.584970159679939
600481.SH,-0.5850226453410057
000797.SZ,-0.5850492634462379
600225.SH,-0.5851782774718117
000403.SZ,-0.5854986916565295
002514.SZ,-0.5855175773061
601137.SH,-0.5856267234643471
600352.SH,-0.5860591666156654
600392.SH,-0.5860860630144336
600475.SH,-0.5867238673731927
603885.SH,-0.5868813532297678
002617.SZ,-0.5868968118342394
600603.SH,-0.5872516868530196
002422.SZ,-0.587598713023333
002647.SZ,-0.587781081218979
002607.SZ,-0.5877870993485075
000923.SZ,-0.5879633855427756
000554.SZ,-0.5883253305703178
600619.SH,-0.5884761167116772
600551.SH,-0.5887709923817575
600728.SH,-0.5887742074139928
600004.SH,-0.588894694462907
600751.SH,-0.5891250598942066
002145.SZ,-0.589213358937386
000519.SZ,-0.590923951304278
000592.SZ,-0.5910126046618699
600765.SH,-0.5910516870069199
600395.SH,-0.5910966010812618
002120.SZ,-0.5911014222254667
600208.SH,-0.591183164452431
600502.SH,-0.5924869198304534
000631.SZ,-0.5928027001888624
000921.SZ,-0.5928394537987847
600745.SH,-0.5933737128089047
002065.SZ,-0.5937879080748957
600021.SH,-0.5937955109487777
600141.SH,-0.5938029474824684
002310.SZ,-0.5940237352959531
000758.SZ,-0.5940447714737668
000917.SZ,-0.594072129232249
600757.SH,-0.5941854385615785
000050.SZ,-0.5942373763116603
002051.SZ,-0.5947853826448473
002333.SZ,-0.594823854178917
600610.SH,-0.5953738841392964
000546.SZ,-0.5959574121429762
600580.SH,-0.5963081961146751
600335.SH,-0.5965721313760832
600673.SH,-0.5966152822971367
000802.SZ,-0.5967309969907031
603969.SH,-0.5968395224775493
601118.SH,-0.5973437449357337
600285.SH,-0.5973834662863057
000678.SZ,-0.5980622436410603
600761.SH,-0.5981259265295074
002547.SZ,-0.5989507246707355
002603.SZ,-0.5992275192229555
000423.SZ,-0.6002101240969995
601991.SH,-0.6003176563714464
000810.SZ,-0.6004884743191553
002256.SZ,-0.60131302180442
002608.SZ,-0.6015890908217763
601992.SH,-0.6019105538419289
600461.SH,-0.6025508233099137
600399.SH,-0.6027416763742338
600689.SH,-0.6028953897572732
000927.SZ,-0.6031919173512784
002416.SZ,-0.6037529728177701
600345.SH,-0.6038412683875471
002457.SZ,-0.6040483385331954
000961.SZ,-0.604593847136211
600565.SH,-0.6049229454100984
600986.SH,-0.6050895644772697
000717.SZ,-0.605325645175542
600138.SH,-0.6053389286902087
002432.SZ,-0.6060988837942661
000825.SZ,-0.6062331671318212
002401.SZ,-0.6062997668963206
600079.SH,-0.6067358100137183
600428.SH,-0.6067401267206793
601677.SH,-0.6068200766975866
600552.SH,-0.6071239645024206
600871.SH,-0.6085851004784465
600755.SH,-0.6092789564262535
002068.SZ,-0.6095818183933335
600313.SH,-0.6096626161188525
000503.SZ,-0.6097373709453378
603118.SH,-0.610048417223801
000876.SZ,-0.6104415798744255
002530.SZ,-0.6107782915133287
000987.SZ,-0.6107824676258894
002747.SZ,-0.6109263476573015
002049.SZ,-0.6110463428041707
600741.SH,-0.6111637052527705
002446.SZ,-0.6114383384470046
002064.SZ,-0.6115998377595071
600105.SH,-0.6118008819158841
000010.SZ,-0.6125236151625307
002353.SZ,-0.6128232579430843
600789.SH,-0.6129072860821856
002506.SZ,-0.6131974455339526
600185.SH,-0.6132261978793878
000813.SZ,-0.6138279970591721
600203.SH,-0.6143561943435908
600060.SH,-0.6145127070928392
002291.SZ,-0.6150255929522644
002223.SZ,-0.6152517034589635
000887.SZ,-0.615318453127802
000925.SZ,-0.6157032243078238
600435.SH,-0.6158259123921733
600377.SH,-0.6159028013636811
600338.SH,-0.6159302073130966
000903.SZ,-0.6160659950679857
000155.SZ,-0.6161542436630475
000151.SZ,-0.6161959321055196
600383.SH,-0.616436362116439
601216.SH,-0.6164725469314546
600655.SH,-0.6169327805328928
601628.SH,-0.6171987185765467
002352.SZ,-0.6172544043936464
002520.SZ,-0.617655735193198
000703.SZ,-0.6178782898453343
600572.SH,-0.6179451458213208
601005.SH,-0.6180140028983253
000960.SZ,-0.6187319860619402
000830.SZ,-0.61888472992343
600515.SH,-0.6189770011890967
002240.SZ,-0.6200561026132911
002533.SZ,-0.6201023972062364
000429.SZ,-0.6202886259049418
002500.SZ,-0.6204011645475125
601107.SH,-0.6205080657458398
002641.SZ,-0.6209706986417132
000837.SZ,-0.6212433137603282
600056.SH,-0.6221201939225263
002610.SZ,-0.6223402775520994
600686.SH,-0.62255762160025
600325.SH,-0.6225884977263689
600838.SH,-0.6234101927233092
002154.SZ,-0.623473895001452
000591.SZ,-0.6235166363909493
000629.SZ,-0.6236106954215814
000609.SZ,-0.6236432052767472
600339.SH,-0.6241580504021524
600118.SH,-0.6244994695112793
603123.SH,-0.6254807613618012
600033.SH,-0.6260517626840927
002056.SZ,-0.6275646056126358
000828.SZ,-0.628102279002796
601018.SH,-0.6281685955154419
002354.SZ,-0.6282153686082046
002270.SZ,-0.6282326223239902
600782.SH,-0.6284378080227477
000690.SZ,-0.6288376282572435
600115.SH,-0.6293657255627129
600221.SH,-0.6295385431407435
000421.SZ,-0.629673687487616
601636.SH,-0.6296924529778278
000408.SZ,-0.6300520488365523
600601.SH,-0.6301641531568933
002036.SZ,-0.6308750940940445
600309.SH,-0.6327480599580255
600708.SH,-0.6329746574476094
600588.SH,-0.6333717551973518
600808.SH,-0.6338877669941824
002320.SZ,-0.6346651940393288
601798.SH,-0.6347633821178229
000650.SZ,-0.6349058062367696
000581.SZ,-0.6350229368613725
002116.SZ,-0.6351924722393237
002601.SZ,-0.6352129247354827
600506.SH,-0.6354982087568922
002437.SZ,-0.6358504354055612
600022.SH,-0.6360916640317734
000883.SZ,-0.6368940942791341
002528.SZ,-0.637005777455594
600039.SH,-0.6374206043158602
600879.SH,-0.637524481231669
600010.SH,-0.6376587696266403
000400.SZ,-0.6376810238645023
600350.SH,-0.6379758070615386
601727.SH,-0.6380448388190199
601880.SH,-0.6389609948010246
000570.SZ,-0.6391587976910149
600351.SH,-0.6393832910594226
600622.SH,-0.6401260380752241
600176.SH,-0.6403288404988942
000851.SZ,-0.6403311708206765
600166.SH,-0.6408199226988005
000762.SZ,-0.6411808956248114
601158.SH,-0.641467004332542
600322.SH,-0.6417046970098838
002355.SZ,-0.6419359359373661
002044.SZ,-0.6420231660540194
600161.SH,-0.6424960609754842
000998.SZ,-0.6426494122267855
002709.SZ,-0.6434008681483891
002471.SZ,-0.6439620361462417
000997.SZ,-0.6440228660295365
002587.SZ,-0.6443425072819763
600508.SH,-0.6446136097060148
002008.SZ,-0.644728444540351
002385.SZ,-0.6448977711558255
000090.SZ,-0.6451349924098403
002100.SZ,-0.645779424173614
600629.SH,-0.6460538987787727
600269.SH,-0.6468432923403113
600170.SH,-0.6474150783098371
603300.SH,-0.6476648970890574
002235.SZ,-0.6487024622943023
000736.SZ,-0.6498003376716264
002043.SZ,-0.6498349433284922
000060.SZ,-0.6500278994044972
601567.SH,-0.6501690170190572
000719.SZ,-0.6506364905219254
603806.SH,-0.6510122054925898
000786.SZ,-0.6526459202752483
002244.SZ,-0.6529177791369286
002138.SZ,-0.652992075998903
000709.SZ,-0.6534578847850964
000541.SZ,-0.65363403415445
601188.SH,-0.6537027325755772
603111.SH,-0.6542790943301575
600960.SH,-0.654501467076305
000897.SZ,-0.6551386268764049
002736.SZ,-0.6558662058336054
601238.SH,-0.6564510457090854
600704.SH,-0.6570575153553754
601958.SH,-0.6592953528370452
002340.SZ,-0.6595667144008013
002681.SZ,-0.6597976631218254
603799.SH,-0.6603470230437154
601801.SH,-0.6603796276088181
000528.SZ,-0.6605914624898148
600272.SH,-0.6607643238891682
002195.SZ,-0.6607775082862207
600742.SH,-0.6607930038467356
600584.SH,-0.6611596603720723
002215.SZ,-0.6613670456600245
600468.SH,-0.6622202668745504
000550.SZ,-0.6625642899349659
600875.SH,-0.6627227223268175
002532.SZ,-0.6627463064354694
002009.SZ,-0.6630980837443017
600257.SH,-0.6637462461958197
600157.SH,-0.6639169085573964
002567.SZ,-0.6640031091608671
603005.SH,-0.6640726257414109
002526.SZ,-0.6641935536214272
000563.SZ,-0.6648408055955671
601866.SH,-0.6651857467435844
600372.SH,-0.6652739118989998
600062.SH,-0.6657229144523739
600280.SH,-0.6664503665703111
600536.SH,-0.6672418325287153
002126.SZ,-0.6677015306487921
002642.SZ,-0.668090175723
601101.SH,-0.6681962556099216
000778.SZ,-0.6682534449525896
600660.SH,-0.6684974803212624
002424.SZ,-0.6684980920872677
600072.SH,-0.6687043922869067
002444.SZ,-0.6688801177941189
600705.SH,-0.6694952108217908
600703.SH,-0.6695129874979524
600583.SH,-0.6695861585545781
600008.SH,-0.6704564508390801
002177.SZ,-0.6705199015399231
600266.SH,-0.6706531717167907
601689.SH,-0.6709894230164929
000821.SZ,-0.6711617954223674
600692.SH,-0.6713036802172176
000928.SZ,-0.671405457871266
601618.SH,-0.6717052965860133
000027.SZ,-0.6717630031981863
600595.SH,-0.6727925267284096
000037.SZ,-0.6729446657149423
000800.SZ,-0.6731753651331328
002561.SZ,-0.6738999044774616
000686.SZ,-0.6739156124317921
601333.SH,-0.6740784385858896
601336.SH,-0.6751389040388804
002428.SZ,-0.6753539158109682
002001.SZ,-0.6753684190572212
000058.SZ,-0.6755997547796955
000589.SZ,-0.6759490927847208
002738.SZ,-0.6760663561841261
000020.SZ,-0.6771786674848896
002232.SZ,-0.6775637585597141
002535.SZ,-0.6781432085014001
002351.SZ,-0.6797301619890727
601608.SH,-0.6807460608917079
002384.SZ,-0.6809287520770374
002269.SZ,-0.6811193051847763
002128.SZ,-0.6817787706315694
000815.SZ,-0.6820785825153516
002467.SZ,-0.6828820112351542
000413.SZ,-0.6834587909871987
002122.SZ,-0.6838895886524148
600637.SH,-0.6839090085930882
600284.SH,-0.6846735586510384
600970.SH,-0.6851147884325104
600159.SH,-0.6856647723775909
002313.SZ,-0.6863862477716282
000681.SZ,-0.6865639852076271
000783.SZ,-0.686580851040727
601098.SH,-0.6870635308183658
603003.SH,-0.6871663114897926
000415.SZ,-0.6872354960794335
002410.SZ,-0.6872608340125879
000032.SZ,-0.6873633519080072
002185.SZ,-0.6873937186076488
000683.SZ,-0.6875755334539485
002194.SZ,-0.6883975675257241
600095.SH,-0.6887776504740744
000572.SZ,-0.6888191373504687
000301.SZ,-0.6890287837242409
002325.SZ,-0.6891040115163641
601888.SH,-0.6898493780851066
600239.SH,-0.690202705567013
000014.SZ,-0.69166763447395
600570.SH,-0.6927262545178494
002602.SZ,-0.6928511126805684
600988.SH,-0.6932069886252276
601226.SH,-0.6939638702342382
002460.SZ,-0.694066873829926
000831.SZ,-0.6944908028809889
600592.SH,-0.6948028381145043
600822.SH,-0.694978121536073
601928.SH,-0.695057412976453
600661.SH,-0.6953320740506947
002493.SZ,-0.6955609852054988
601377.SH,-0.6957107352881691
002510.SZ,-0.6970938870780695
000951.SZ,-0.6972880785347194
601633.SH,-0.698157724445278
600183.SH,-0.698324062626421
601233.SH,-0.6983478017358097
600547.SH,-0.6984979025997031
600679.SH,-0.6988265650775947
601669.SH,-0.6990355954092748
000409.SZ,-0.6993302405690278
002600.SZ,-0.6997178874129043
000858.SZ,-0.7002878464177622
002395.SZ,-0.7003193053946732
600406.SH,-0.7010456476807878
002625.SZ,-0.7011570472871159
000829.SZ,-0.7012205057302424
600219.SH,-0.7021402666633164
002146.SZ,-0.7027856313138916
600560.SH,-0.7031245486317441
603077.SH,-0.7042729989763449
000895.SZ,-0.7045609492692628
601179.SH,-0.7046272264220298
000426.SZ,-0.7055276891682225
601599.SH,-0.7056275987874299
600585.SH,-0.7057243196922369
002174.SZ,-0.7058732965659715
002605.SZ,-0.7072185491697076
002271.SZ,-0.7078826087867478
002472.SZ,-0.7081331538952279
002316.SZ,-0.7084970687832628
000750.SZ,-0.7085076340372943
600999.SH,-0.7093036410622793
600189.SH,-0.7093182843556745
002239.SZ,-0.7095317804948786
000980.SZ,-0.7096599651977111
600177.SH,-0.7096957477397119
603729.SH,-0.7110548833793042
002155.SZ,-0.7121310227721881
600825.SH,-0.7122590094704588
002624.SZ,-0.7123510005723659
600018.SH,-0.712388421185858
600250.SH,-0.7124694826884176
000021.SZ,-0.7135593155112904
000598.SZ,-0.7140149564667444
600961.SH,-0.7147398277794739
000712.SZ,-0.7152289969491853
600312.SH,-0.7152351588578815
002033.SZ,-0.7155135848076356
000723.SZ,-0.7157008095003166
600640.SH,-0.7162819173293287
002387.SZ,-0.7168128106009785
600535.SH,-0.7171098620602298
600449.SH,-0.7173132704649607
600480.SH,-0.7182610598181673
600390.SH,-0.7182882725107438
603168.SH,-0.7193162549039428
600497.SH,-0.7193596351120695
600579.SH,-0.7197334043569558
600061.SH,-0.7203064959226592
002131.SZ,-0.7204587047992642
002523.SZ,-0.7207359527487063
002152.SZ,-0.7213470424553935
002728.SZ,-0.7226233416137705
002077.SZ,-0.722813747077374
600971.SH,-0.7233458093801838
600362.SH,-0.724323790178135
600029.SH,-0.7247900520170982
603158.SH,-0.7249233996425855
000972.SZ,-0.7251569471478455
600667.SH,-0.7253089113038016
601717.SH,-0.725925430220903
601001.SH,-0.7261651071391221
600111.SH,-0.7262697997137311
000700.SZ,-0.7275799392453195
002042.SZ,-0.728263520442701
002558.SZ,-0.7283824298957686
600100.SH,-0.7289513571974146
000807.SZ,-0.7302993044241832
000656.SZ,-0.7309983391091447
600499.SH,-0.731031052554026
600487.SH,-0.7310943671973081
000727.SZ,-0.7311578380576064
002536.SZ,-0.7319045349625372
600106.SH,-0.7319608143373042
603011.SH,-0.7321495070811894
002429.SZ,-0.7323857622901544
000617.SZ,-0.7325303124600497
600678.SH,-0.7337908083016241
600732.SH,-0.7343620166084206
601117.SH,-0.7347505607493361
600089.SH,-0.7349766660291452
600675.SH,-0.7359461080340762
601360.SH,-0.7364749424848153
000002.SZ,-0.7382617521765539
600498.SH,-0.7388176300602838
600867.SH,-0.7394493165554505
600777.SH,-0.739588908252313
600674.SH,-0.7402482162035336
002714.SZ,-0.7413025003722074
600636.SH,-0.7425157341802212
002097.SZ,-0.7425551773772155
600006.SH,-0.7429022261445768
002512.SZ,-0.7429102651914908
600975.SH,-0.7430073882562614
600126.SH,-0.743446046715541
600820.SH,-0.7435862658222002
002115.SZ,-0.7451053261248236
002527.SZ,-0.7464532551020874
600873.SH,-0.7474808342766298
600246.SH,-0.7476361174283283
600707.SH,-0.7480222626021389
002078.SZ,-0.7487705328733503
600355.SH,-0.7490510405867951
000543.SZ,-0.7501127201972522
603009.SH,-0.7502926331241978
600053.SH,-0.7504971068192033
000068.SZ,-0.7509411397221823
601111.SH,-0.7510496208817276
002406.SZ,-0.7519363684524819
002466.SZ,-0.7519603493911536
000792.SZ,-0.7519978843281973
002648.SZ,-0.7525635309277815
600282.SH,-0.752676333139407
601390.SH,-0.7528842377655434
600027.SH,-0.7536326135116183
600369.SH,-0.7546842833919458
000521.SZ,-0.7548593934870457
000725.SZ,-0.755433309623597
601818.SH,-0.7554722154850981
000728.SZ,-0.7556302531500314
600792.SH,-0.7563498652182746
601000.SH,-0.7566941933542384
601009.SH,-0.7567390006758883
000801.SZ,-0.7569576125524884
002273.SZ,-0.7579407239671613
000166.SZ,-0.7583697751543652
002657.SZ,-0.7585635553052665
600153.SH,-0.7585835373741283
000536.SZ,-0.7586030901323824
000066.SZ,-0.7590013774780329
000630.SZ,-0.7594754186884803
000878.SZ,-0.7595552843843666
600048.SH,-0.7604027862995247
002173.SZ,-0.7612322093283566
002555.SZ,-0.7614219907248726
002682.SZ,-0.7619848669053109
002611.SZ,-0.7628737923288995
600633.SH,-0.7628893338930983
600331.SH,-0.7632877506598348
002129.SZ,-0.7632893374053553
600123.SH,-0.7633537883131337
600837.SH,-0.7641333744978912
600109.SH,-0.7641432742822922
002222.SZ,-0.7644390007506292
600000.SH,-0.7657553183116818
600398.SH,-0.7661470039354162
002031.SZ,-0.7664143956858709
000532.SZ,-0.7674620980599052
600016.SH,-0.7676094396891424
000009.SZ,-0.7677588392927172
600373.SH,-0.7678936643035696
002459.SZ,-0.7682522469032323
002027.SZ,-0.7690117699254313
002317.SZ,-0.7692920103227562
601668.SH,-0.7693821196959856
600699.SH,-0.7696065708732487
600438.SH,-0.7701564495529921
002517.SZ,-0.770336493240742
600958.SH,-0.7705781981797859
600642.SH,-0.7707393599008358
600050.SH,-0.7716373207057282
002038.SZ,-0.772542638353869
600104.SH,-0.7729182510443072
601198.SH,-0.77381851457161
601099.SH,-0.7742860536599857
601989.SH,-0.7756719256625398
002103.SZ,-0.7765003502978488
000776.SZ,-0.7774307165347181
600863.SH,-0.77768655137053
000425.SZ,-0.7783490830544127
600026.SH,-0.7796314312494574
002590.SZ,-0.7797531642316736
000938.SZ,-0.7800651656366053
600348.SH,-0.7815410765336357
601800.SH,-0.7819703409406188
601766.SH,-0.7824483982472132
600582.SH,-0.7826151266949543
002178.SZ,-0.7837083961897715
000680.SZ,-0.7839570259670293
600119.SH,-0.7847840404550901
600737.SH,-0.7849351830552365
600023.SH,-0.7851315640314415
600522.SH,-0.7857951527017475
600830.SH,-0.786527339193335
601872.SH,-0.7871869628086402
600639.SH,-0.7877735820676689
002436.SZ,-0.7882906921385677
002292.SZ,-0.7897742664350729
600733.SH,-0.7899357648793425
601998.SH,-0.7904248739639479
000039.SZ,-0.7917259196998194
002252.SZ,-0.792961026538206
600864.SH,-0.7932269121274711
600276.SH,-0.7935178634600077
600066.SH,-0.7945290498158615
600011.SH,-0.7962282393975842
601555.SH,-0.7970144799389559
600886.SH,-0.7970846404868448
601699.SH,-0.7977689429666808
601186.SH,-0.7984526695596447
601288.SH,-0.7998248459751989
000932.SZ,-0.8003276130737685
600015.SH,-0.8005545242434303
000100.SZ,-0.8007852620620158
600186.SH,-0.8019712313609096
600114.SH,-0.8032882856385727
601988.SH,-0.803336188765154
600795.SH,-0.804273165720246
600096.SH,-0.804869591501642
002085.SZ,-0.8053317940066979
601169.SH,-0.8056285604950152
600839.SH,-0.8072044966494186
601519.SH,-0.8072451370981312
603099.SH,-0.8077242408498279
600446.SH,-0.8078507877267325
600489.SH,-0.8081586617046349
600200.SH,-0.8085556370225283
000975.SZ,-0.8085941348828172
601918.SH,-0.8099726152795919
600985.SH,-0.8103368330181144
002156.SZ,-0.8127437310295464
002708.SZ,-0.8155936206092801
002229.SZ,-0.8158416680568026
601012.SH,-0.8168360496577171
601211.SH,-0.8168893754851853
002415.SZ,-0.8191037791451874
600482.SH,-0.8194503305638748
000099.SZ,-0.8195226068189824
002176.SZ,-0.8204776443231788
600028.SH,-0.8206109340293066
600415.SH,-0.8207007507073534
601601.SH,-0.8215969929088099
000933.SZ,-0.8220520949251604
600160.SH,-0.8222850218033644
000034.SZ,-0.8223100234827959
601600.SH,-0.8231760635784752
000676.SZ,-0.8236619751332565
000936.SZ,-0.8237989480241875
600256.SH,-0.82479132489588
601398.SH,-0.8264894770327613
002400.SZ,-0.8277108248176919
002142.SZ,-0.8280512531268158
000937.SZ,-0.8282677910156673
603993.SH,-0.8282904255582592
600019.SH,-0.8303815398184632
600031.SH,-0.833666640583437
002241.SZ,-0.8347072108507594
601328.SH,-0.8379560001019729
000070.SZ,-0.838264573156651
600690.SH,-0.8393953115011195
002050.SZ,-0.8413716910428648
600602.SH,-0.8415026240716305
000157.SZ,-0.8416386536959756
002584.SZ,-0.8421863775715253
600155.SH,-0.8431704578492607
601901.SH,-0.8441262818787855
002236.SZ,-0.8453157095811585
601006.SH,-0.8467840360617757
002465.SZ,-0.8468744690222835
600318.SH,-0.8487109657133581
600188.SH,-0.8491445982009361
601939.SH,-0.8492917312781072
002423.SZ,-0.8497265701857689
600546.SH,-0.8499883133636825
000001.SZ,-0.8503131742511265
002703.SZ,-0.852336154075539
002771.SZ,-0.8530275248505111
002673.SZ,-0.8551265124316227
002230.SZ,-0.8571316050178344
601058.SH,-0.8595032011859977
600133.SH,-0.8599673111856816
600775.SH,-0.8605114979577684
000158.SZ,-0.8611545958711954
002670.SZ,-0.8622134937134488
600520.SH,-0.8656085781882916
601168.SH,-0.8662201941735032
601318.SH,-0.8685423301978799
000988.SZ,-0.8685495620259019
601898.SH,-0.8697474604033193
002559.SZ,-0.8700688101959458
600178.SH,-0.870773010968733
002238.SZ,-0.8712178771263954
000333.SZ,-0.8722122424943393
601919.SH,-0.8727231914239221
000983.SZ,-0.8732731166204513
002475.SZ,-0.8756807958407947
600887.SH,-0.8763872798523088
000977.SZ,-0.8770149109377465
000063.SZ,-0.8781471580263182
002456.SZ,-0.8807940541289897
601985.SH,-0.8812026048384093
601666.SH,-0.8819210663823391
000017.SZ,-0.8838340000152934
002281.SZ,-0.8846032146191465
601688.SH,-0.8858989710177743
601788.SH,-0.8867768564439107
002654.SZ,-0.8870944940323687
002261.SZ,-0.8893024029916359
600571.SH,-0.8903560289956266
601857.SH,-0.8908288732694893
601088.SH,-0.8947509859511487
600088.SH,-0.8947728097928842
601166.SH,-0.8960839848325932
000628.SZ,-0.8986658540522101
603019.SH,-0.9020176404107417
601225.SH,-0.9034510071394548
603000.SH,-0.905417479828054
000651.SZ,-0.9073033389435206
600621.SH,-0.9090741003565529
600036.SH,-0.9108558002284532
600630.SH,-0.912376994879294
600895.SH,-0.9155403913605362
000766.SZ,-0.9156546379294888
600030.SH,-0.916099696740551
002463.SZ,-0.9174709454825749
600418.SH,-0.9186273069991464
000338.SZ,-0.9224078357720511
600150.SH,-0.9252413396253376
601899.SH,-0.9279800509016973
000625.SZ,-0.9331152842823154
600900.SH,-0.9426736371939076
